time,Pressure drop - total,Pressure drop - gravity,Pressure drop - friction,Total mass - gas,Total mass - oil,Total mass - total,Total volume - gas,Total volume - oil,Total volume - total
[s],[Pa],[Pa],[Pa],[kg],[kg],[kg],[m³],[m³],[m³]
0,0,0,0,0,17854.051676275656,17854.051676275656,0,20.10619298297468,20.10619298297468
108.40974739225719,804.8110286329946,0,804.8110286329946,0,22842.26816142405,22842.26816142405,0,20.106192982974672,20.106192982974672
