time,Acc. volume - continuous gas,Acc. volume - continuous oil,Acc. volume - bubbles,Acc. volume - droplets,Acc. volume - total gas,Acc. volume - total liquid,Acc. volume - total,Temperature - average,MFR - continuous gas,MFR - continuous oil,MFR - bubbles,MFR - droplets,MFR - total gas,MFR - total liquid,MFR - total,MF - continuous gas,MF - continuous oil,MF - bubbles,MF - droplets,MF - total gas,MF - total oil,Pressure,Std. VFR - total gas,Std. VFR - total oil,Temperature - gas,Temperature - oil,VF - continuous gas,VF - continuous oil,VF - bubbles,VF - droplets,VF - total gas,VF - total oil
[s],[?],[?],[?],[?],[?],[?],[?],[C],[kg/s],[kg/s],[kg/s],[kg/s],[kg/s],[kg/s],[kg/s],[?],[?],[-],[-],[?],[?],[Pa],[?],[?],[C],[C],[?],[?],[-],[-],[-],[-]
0,0,0,0,0,0,0,0,5,0,0,0,0,0,0,0,0,1,0,0,0,1,80,0,0,5,5,0,1,0,0,0,1
20.463636179365828,0,-0.00018872923618071428,0,0,0,-0.00018872923618071428,-0.00018872923618071428,4.983576921478516,0,-0.00886309744470305,0,0,0,-0.00886309744470305,-0.00886309744470305,0,1,0,0,0,1,80,-409.85448762804566,0,4.983576921478516,4,0,1,0,0,0,1
43.67270615090889,0,-0.0004361292096370571,0,0,0,-0.0004361292096370571,-0.0004361292096370571,4.962050125072949,0,-0.009872691325114147,0,0,0,-0.009872691325114147,-0.009872691325114147,0,1,0,0,0,1,80,-456.5409406598349,0,4.962050125072949,4,0,1,0,0,0,1
65.79760907554572,0,-0.0006930744412504052,0,0,0,-0.0006930744412504052,-0.0006930744412504052,4.939693063075083,0,-0.010552108679121373,0,0,0,-0.010552108679121373,-0.010552108679121373,0,1,0,0,0,1,80,-487.9591049358753,0,4.939693063075083,4,0,1,0,0,0,1
80.45510698141034,0,-0.0008711938957713738,0,0,0,-0.0008711938957713738,-0.0008711938957713738,4.924193091583959,0,-0.010871373045631573,0,0,0,-0.010871373045631573,-0.010871373045631573,0,1,0,0,0,1,80,-502.7227848085516,0,4.924193091583959,4,0,1,0,0,0,1
108.40974739225719,0,-0.001221577036224739,0,0,0,-0.001221577036224739,-0.001221577036224739,4.8937004015725165,0,-0.011243032795377417,0,0,0,-0.011243032795377417,-0.011243032795377417,0,1,0,0,0,1,80,-519.9093741758034,0,4.8937004015725165,4,0,1,0,0,0,1
